Link Name,Center of Mass X,Center of Mass Y,Center of Mass Z,Center of Mass Roll,Center of Mass Pitch,Center of Mass Yaw,Mass,Moment Ixx,Moment Ixy,Moment Ixz,Moment Iyy,Moment Iyz,Moment Izz,Visual X,Visual Y,Visual Z,Visual Roll,Visual Pitch,Visual Yaw,Mesh Filename,Color Red,Color Green,Color Blue,Color Alpha,Collision X,Collision Y,Collision Z,Collision Roll,Collision Pitch,Collision Yaw,Collision Mesh Filename,Material Name,SW Components,Coordinate System,Axis Name,Joint Name,Joint Type,Joint Origin X,Joint Origin Y,Joint Origin Z,Joint Origin Roll,Joint Origin Pitch,Joint Origin Yaw,Parent,Joint Axis X,Joint Axis Y,Joint Axis Z,Limit Effort,Limit Velocity,Limit Lower,Limit Upper,Calibration rising,Calibration falling,Dynamics Damping,Dynamics Friction,Safety Soft Upper,Safety Soft Lower,Safety K Position,Safety K Velocity
pelvis,-2.55953312663147E-07,1.30205429548044E-07,-0.073528362079862,0,0,0,0.799222264603151,0.00300167750876723,-2.04369989455043E-07,-5.09665599903495E-10,0.00268953259882085,-4.86497005002319E-09,0.00349479113001131,0,0,0,0,0,0,package://atom/meshes/pelvis.STL,1,1,1,1,0,0,0,0,0,0,package://atom/meshes/pelvis.STL,,URDF-2-1/P2版本人形机器人下半身ID简化-1,pelvis <URDF-2-1>,,,,0,0,0,0,0,0,,0,0,0,,,,,,,,,,,,
leg_l1_link,0.0123249094365011,0.0398024746111632,-0.00336676374114967,0,0,0,0.164854432669681,0.000206053722684283,-4.45176521326931E-05,2.81293765943954E-05,0.00020730697265957,2.53780460893602E-05,0.000202219320853143,0,0,0,0,0,0,package://atom/meshes/leg_l1_link.STL,1,1,1,1,0,0,0,0,0,0,package://atom/meshes/leg_l1_link.STL,,URDF-2-1/P2左髋关节pitch—roll连接组件简化-1,leg_l1_link,leg_l1_link_axis <URDF-2-1>,leg_l1_joint,revolute,0,0.0744999999999999,-0.133,0,0,0,pelvis,0,1,0,280,14,-2.5656,3.0194,,,,,,,,
leg_l2_link,-0.00804608973734121,0.00108857295993878,-0.00480304687678594,0,0,0,0.789476703498164,0.00111071773754045,1.10523355825448E-05,2.28471345126338E-05,0.00117128499852281,-3.80926904910806E-05,0.00110027216755886,0,0,0,0,0,0,package://atom/meshes/leg_l2_link.STL,1,1,1,1,0,0,0,0,0,0,package://atom/meshes/leg_l2_link.STL,,URDF-2-1/关节电机—8524—22髋关节roll—简易左腿—RM—A01-1,leg_l2_link,leg_l2_link_axis <URDF-2-1>,leg_l2_joint,revolute,0.00283008034419562,0.0764999999999997,-0.0248392963919153,0,-0.113446401379624,0,leg_l1_link,1,0,0,308,10,-0.2618,1.6581,,,,,,,,
leg_l3_link,-0.00566453847809788,0.00262945428324479,-0.128040524473142,0,0,0,0.792184706634502,0.00575981115950589,-3.03965145286382E-05,-0.000419640434389491,0.00629075474222647,-0.000187099565850384,0.00255928464030902,0,0,0,0,0,0,package://atom/meshes/leg_l3_link.STL,1,1,1,1,0,0,0,0,0,0,package://atom/meshes/leg_l3_link.STL,,URDF-2-1/P2左大腿杆ID简化组件-2,leg_l3_link,leg_l3_link_axis <URDF-2-1>,leg_l3_joint,revolute,0,-0.0200000000000001,-0.065,0,0,0,leg_l2_link,0,0,1,140,10,-2.7925,2.7925,,,,,,,,
leg_l4_link,-0.00143809314386023,-0.00122989656099176,-0.114874943664346,0,0,0,0.403005933922139,0.0043384832670283,9.39949606192555E-06,-0.000391333151529077,0.00422040834740582,6.24036350143562E-05,0.000473154997654783,0,0,0,0,0,0,package://atom/meshes/leg_l4_link.STL,1,1,1,1,0,0,0,0,0,0,package://atom/meshes/leg_l4_link.STL,,URDF-2-1/左小腿杆ID简化组件-1,leg_l4_link,leg_l4_link_axis <URDF-2-1>,leg_l4_joint,revolute,-0.0468661304999053,0,-0.3213387482501,0,0,0,leg_l3_link,0,1,0,360,14,0,2.4871,,,,,,,,
leg_l5_link,2.60208521396521E-18,8.32667268468867E-17,-0.0124527416924084,0,0,0,0.0247279705135108,7.29901373323328E-06,2.03117588109205E-21,-5.00052559094755E-23,5.52879253158116E-06,9.91715616172897E-22,5.30343262068572E-06,0,0,0,0,0,0,package://atom/meshes/leg_l5_link.STL,1,1,1,1,0,0,0,0,0,0,package://atom/meshes/leg_l5_link.STL,,URDF-2-1/P2踝关节销轴组件—RM—A01-1,leg_l5_link,leg_l5_link_axis <URDF-2-1>,leg_l5_joint,revolute,-0.031961645478192,0,-0.333525790934264,0,0.113446401379621,0,leg_l4_link,0,1,0,130,12,-0.5236,0.8727,,,,,,,,
leg_l6_link,0.0237296884952185,-1.17004445021607E-07,-0.0429069948419259,0,0,0,0.331292229249353,0.000261619610848875,3.86445141932437E-09,4.51316290816096E-05,0.00136775514007446,-9.72485542217197E-10,0.00141574268747198,0,0,0,0,0,0,package://atom/meshes/leg_l6_link.STL,1,1,1,1,0,0,0,0,0,0,package://atom/meshes/leg_l6_link.STL,,URDF-2-1/脚底板ID简化组件-1,leg_l6_link,leg_l6_link_axis <URDF-2-1>,leg_l6_joint,revolute,0,0,-0.025,0,0,0,leg_l5_link,1,0,0,130,12,-0.48,0.48,,,,,,,,
leg_r1_link,0.0123242301153719,-0.0397904356799752,-0.00335776665030687,0,0,0,0.164877848492169,0.000206000783122437,4.45376425585878E-05,2.81483535771194E-05,0.000207373744204687,-2.53947663104414E-05,0.000202152992695575,0,0,0,0,0,0,package://atom/meshes/leg_r1_link.STL,1,1,1,1,0,0,0,0,0,0,package://atom/meshes/leg_r1_link.STL,,URDF-2-1/P2右髋关节pitch—roll连接组件简化-1,leg_r1_link,leg_r1_link_axis <URDF-2-1>,leg_r1_joint,revolute,0,-0.0745000000000004,-0.133,0,0,0,pelvis,0,1,0,180,14,-2.5656,1.6581,,,,,,,,
leg_r2_link,-0.00360925526552749,-0.00179133440064611,-0.00459209225871962,0,0,0,0.696544872307194,0.00100309130056532,-1.10071878935213E-05,8.74500623045979E-06,0.000972737969871597,2.36990873878853E-05,0.000904184087532551,0,0,0,0,0,0,package://atom/meshes/leg_r2_link.STL,1,1,1,1,0,0,0,0,0,0,package://atom/meshes/leg_r2_link.STL,,URDF-2-1/关节电机—8524—22髋关节roll—简易右腿—RM—A01-1,leg_r2_link,leg_r2_link_axis <URDF-2-1>,leg_r2_joint,revolute,0.00283008034419555,-0.0765000000000001,-0.0248392963919166,0,-0.113446401379617,0,leg_r1_link,1,0,0,308,10,-1.6581,0.2618,,,,,,,,
leg_r3_link,-0.00568089375127541,-0.00264118141837044,-0.128033119815443,0,0,0,0.791881448281013,0.00575999489134436,3.06074906353222E-05,-0.000419688676884241,0.00629102327440513,0.000186714294244438,0.00255857228437578,0,0,0,0,0,0,package://atom/meshes/leg_r3_link.STL,1,1,1,1,0,0,0,0,0,0,package://atom/meshes/leg_r3_link.STL,,URDF-2-1/P2右大腿杆ID简化组件-1,leg_r3_link,leg_r3_link_axis <URDF-2-1>,leg_r3_joint,revolute,0,0.0200000000000016,-0.065,0,0,0,leg_r2_link,0,0,1,140,10,-2.7925,2.7925,,,,,,,,
leg_r4_link,-0.00143250120125172,0.00123449846083981,-0.114876813703134,0,0,0,0.403020941867631,0.00433864202034444,-9.40191729716653E-06,-0.000391268029501307,0.00422048377139673,-6.23074395863727E-05,0.000473184242808371,0,0,0,0,0,0,package://atom/meshes/leg_r4_link.STL,1,1,1,1,0,0,0,0,0,0,package://atom/meshes/leg_r4_link.STL,,URDF-2-1/右小腿杆ID简化组件-1,leg_r4_link,leg_r4_link_axis <URDF-2-1>,leg_r4_joint,revolute,-0.0468661304150252,0,-0.321338748280336,0,0,0,leg_r3_link,0,1,0,360,14,0,2.4871,,,,,,,,
leg_r5_link,-1.47451495458029E-17,0,-0.0124527416924084,0,0,0,0.0247279705135108,7.2990137332333E-06,-1.23858441051876E-20,-3.36412334446579E-21,5.52879253158117E-06,-3.42416343167439E-23,5.30343262068572E-06,0,0,0,0,0,0,package://atom/meshes/leg_r5_link.STL,1,1,1,1,0,0,0,0,0,0,package://atom/meshes/leg_r5_link.STL,,URDF-2-1/P2踝关节销轴组件—RM—A01-2,leg_r5_link,leg_r5_link_axis <URDF-2-1>,leg_r5_joint,revolute,-0.0319616454781948,0,-0.333525790934264,0,0.113446401379635,0,leg_r4_link,0,1,0,130,12,-0.5236,0.8727,,,,,,,,
leg_r6_link,0.0237296884911388,-1.17005196059727E-07,-0.0429069948414703,0,0,0,0.331292229232958,0.000261619609269913,3.86537138964168E-09,4.51316290682667E-05,0.00136775513906946,-9.72488383246318E-10,0.00141574268489199,0,0,0,0,0,0,package://atom/meshes/leg_r6_link.STL,1,1,1,1,0,0,0,0,0,0,package://atom/meshes/leg_r6_link.STL,,URDF-2-1/脚底板ID简化组件-2,leg_r6_link,leg_r6_link_axis <URDF-2-1>,leg_r6_joint,revolute,0,0,-0.025,0,0,0,leg_r5_link,1,0,0,130,12,-0.48,0.48,,,,,,,,
torso_link,-0.0106915144539796,3.66770359576406E-07,0.203355854586816,0,0,0,5.12144600197387,0.0709505718891064,8.63128692372218E-08,0.000155249015457847,0.0667437724670992,-2.88572146001556E-08,0.0120385425437051,0,0,0,0,0,0,package://atom/meshes/torso_link.STL,1,1,1,1,0,0,0,0,0,0,package://atom/meshes/torso_link.STL,,body_head_2-1/body-urdf-part-20250608-1,torso_link,pelvis_axis <URDF-2-1>,torso_joint,revolute,0,0,0,0,0,0,pelvis,0,0,1,250,52,-2.7925,2.7925,,,,,,,,
left_shoulder_pitch_link,0.000828409487349816,0.046048982666618,0.000675610795665027,0,0,0,0.184802271202375,0.000265866068688733,-2.02057688397839E-05,4.99843186470897E-07,0.00034654994804112,1.83311790010357E-06,0.000452758275418242,0,0,0,0,0,0,package://atom/meshes/left_shoulder_pitch_link.STL,1,1,1,1,0,0,0,0,0,0,package://atom/meshes/left_shoulder_pitch_link.STL,,arm_left_0609-1/j1_sw-1,left_shoulder_pitch_link,left_shoulder_pitch_axis <arm_left_0609-1>,left_shoulder_pitch_joint,revolute,0,0.128,0.333,0,0,0,torso_link,0,1,0,56,2.62,-2.97,2.97,,,,,,,,
left_shoulder_roll_link,0.0046082383768952,0.00207187825698102,-0.0428988421783126,0,0,0,0.132615323245217,0.000518008319335709,7.31152714248438E-07,-2.47174654955669E-05,0.000521982641624775,4.87262947621336E-06,0.000182310070293846,0,0,0,0,0,0,package://atom/meshes/left_shoulder_roll_link.STL,1,1,1,1,0,0,0,0,0,0,package://atom/meshes/left_shoulder_roll_link.STL,,arm_left_0609-1/j2_sw-1,left_shoulder_roll_link,left_shoulder_roll_axis <arm_left_0609-1>,left_shoulder_roll_joint,revolute,0,0.078,0,0,0,0,left_shoulder_pitch_link,1,0,0,36,2.62,-0.43,3.14,,,,,,,,
left_shoulder_yaw_link,0.023394268499,-0.206666388495082,-0.285206034543307,0,0,0,58.8813364939794,8.16144536194018,-0.000828385788139842,-0.0986028450203044,7.4117224069231,0.0135891332242933,1.3830430352827,0,0,0,0,0,0,package://atom/meshes/left_shoulder_yaw_link.STL,1,1,1,1,0,0,0,0,0,0,package://atom/meshes/left_shoulder_yaw_link.STL,,arm_left_0609-1/00000_j3_sw0003-1,left_shoulder_yaw_link,left_shoulder_yaw_axis <arm_left_0609-1>,left_shoulder_yaw_joint,revolute,0,0,-0.135000000000624,0,0,0,left_shoulder_roll_link,0,0,1,36,2.62,-2.97,2.97,,,,,,,,
left_elbow_pitch_link,0.0763144738988412,0.000518770435393251,-0.000736000814020227,0,0,0,0.212424225770085,0.000282662218495171,9.39082576577027E-06,-5.32261062062711E-06,0.000734024567440305,-5.80984720187225E-08,0.000868668965480358,0,0,0,0,0,0,package://atom/meshes/left_elbow_pitch_link.STL,1,1,1,1,0,0,0,0,0,0,package://atom/meshes/left_elbow_pitch_link.STL,,arm_left_0609-1/00000_j4_sw0003-1,left_elbow_pitch_link,left_elbow_pitch_axis <arm_left_0609-1>,left_elbow_pitch_joint,revolute,0.00044199,0,-0.13,0,0,0,left_shoulder_yaw_link,0,1,0,36,2.62,-1.57,0.87,,,,,,,,
left_elbow_roll_link,0.0495545256483957,0.0380502461822538,-0.0194496387014323,0,0,0,0.000214650531356364,1.60499315926187E-09,-3.46599503317315E-12,5.42144473736381E-10,3.79536294169279E-09,2.1401712848367E-12,2.23314511831001E-09,0,0,0,0,0,0,package://atom/meshes/left_elbow_roll_link.STL,1,1,1,1,0,0,0,0,0,0,package://atom/meshes/left_elbow_roll_link.STL,,arm_left_0609-1/j5_sw0002-1,left_elbow_roll_link,left_elbow_roll_axis <arm_left_0609-1>,left_elbow_roll_joint,revolute,0.1453,0,0,0,0,0,left_elbow_pitch_link,1,0,0,18.6,2.62,-2.97,2.97,,,,,,,,
left_wrist_pitch_link,-0.175797719238845,-0.206666388493337,-0.155206034543713,0,0,0,58.8813364939794,8.16144536194018,-0.000828385788139272,-0.0986028450203048,7.4117224069231,0.0135891332243252,1.3830430352827,0,0,0,0,0,0,package://atom/meshes/left_wrist_pitch_link.STL,1,1,1,1,0,0,0,0,0,0,package://atom/meshes/left_wrist_pitch_link.STL,,arm_left_0609-1/00000_j6_sw0001-1,left_wrist_pitch_link,left_wrist_pitch_axis <arm_left_0609-1>,left_wrist_pitch_link,revolute,0.05345,0,0,0,0,0,left_elbow_roll_link,0,1,0,18.6,2.62,-1.57,1.57,,,,,,,,
left_wrist_yaw_link,0.0221787014879231,-0.000124800159984728,-0.00156500076926502,0,0,0,0.0817959929650707,0.000107965268273287,1.18152900488087E-07,-2.56906634825451E-06,0.00012568363015566,1.38998060850588E-07,7.12433387219613E-05,0,0,0,0,0,0,package://atom/meshes/left_wrist_yaw_link.STL,1,1,1,1,0,0,0,0,0,0,package://atom/meshes/left_wrist_yaw_link.STL,,arm_left_0609-1/j7_sw0002-1,left_wrist_yaw_link,left_wrist_yaw_axis <arm_left_0609-1>,left_wrist_yaw_joint,revolute,0.085,0,0,0,0,0,left_wrist_pitch_link,0,0,1,18.6,2.62,-1.57,1.57,,,,,,,,
right_shoulder_pitch_link,-0.000828409491408955,-0.0460489826649438,0.000675610794603043,0,0,0,0.184802271227776,0.000265866068697057,-2.02057688292322E-05,-4.99843192283861E-07,0.000346549948068497,-1.83311789766129E-06,0.000452758275446833,0,0,0,0,0,0,package://atom/meshes/right_shoulder_pitch_link.STL,1,1,1,1,0,0,0,0,0,0,package://atom/meshes/right_shoulder_pitch_link.STL,,arm_right_0609-1/j1_sw-1,right_shoulder_pitch_link,right_shoulder_pitch_axis <arm_right_0609-1>,right_shoulder_pitch_joint,revolute,0,-0.128,0.333,0,0,0,torso_link,0,1,0,56,2.62,-2.97,2.97,,,,,,,,
right_shoulder_roll_link,-0.00460823839443483,-0.0020718783679862,-0.0428988419081518,0,0,0,0.132615322747688,0.000518008319032659,7.3115277627254E-07,2.4717465302121E-05,0.000521982641787245,-4.87263064347276E-06,0.000182310069787599,0,0,0,0,0,0,package://atom/meshes/right_shoulder_roll_link.STL,1,1,1,1,0,0,0,0,0,0,package://atom/meshes/right_shoulder_roll_link.STL,,arm_right_0609-1/j2_sw-1,right_shoulder_roll_link,right_shoulder_roll_axis <arm_right_0609-1>,right_shoulder_roll_joint,revolute,0,-0.078,0,0,0,0,right_shoulder_pitch_link,1,0,0,36,2.62,-3.14,0.43,,,,,,,,
right_shoulder_yaw_link,0.0233767388939544,0.205339250635351,-0.285206034542672,0,0,0,58.8813364939794,8.16144536194018,-0.000828385788139341,-0.0986028450203033,7.4117224069231,0.0135891332243241,1.3830430352827,0,0,0,0,0,0,package://atom/meshes/right_shoulder_yaw_link.STL,1,1,1,1,0,0,0,0,0,0,package://atom/meshes/right_shoulder_yaw_link.STL,,arm_right_0609-1/00000_j3_sw0003-1,right_shoulder_yaw_link,right_shoulder_yaw_axis <arm_right_0609-1>,right_shoulder_yaw_joint,revolute,0,0,-0.135,0,0,0,right_shoulder_roll_link,0,0,1,36,2.62,-2.97,2.97,,,,,,,,
right_elbow_pitch_link,0.0763081762462514,0.000518770444427025,-0.000739828825846917,0,0,0,0.21242422557597,0.000282662218366856,9.39082577096496E-06,-5.32261061192044E-06,0.000734024567315098,-5.80985286278437E-08,0.000868668965415427,0,0,0,0,0,0,package://atom/meshes/right_elbow_pitch_link.STL,1,1,1,1,0,0,0,0,0,0,package://atom/meshes/right_elbow_pitch_link.STL,,arm_right_0609-1/00000_j4_sw0003-1,right_elbow_pitch_link,right_elbow_pitch_axis <arm_right_0609-1>,right_elbow_pitch_joint,revolute,0.00044199,0,-0.13,0,0,0,right_shoulder_yaw_link,0,1,0,36,2.62,-1.57,0.87,,,,,,,,
right_elbow_roll_link,0.0495545258118759,-0.0380502461730574,0.0194496387283799,0,0,0,0.000214650531356192,1.60499315925448E-09,3.46599505076552E-12,-5.4214447373454E-10,3.79536294169085E-09,2.14017130852869E-12,2.23314511830234E-09,0,0,0,0,0,0,package://atom/meshes/right_elbow_roll_link.STL,1,1,1,1,0,0,0,0,0,0,package://atom/meshes/right_elbow_roll_link.STL,,arm_right_0609-1/j5_sw0002-1,right_elbow_roll_link,right_elbow_roll_axis <arm_right_0609-1>,right_elbow_roll_joint,revolute,0.14529,0,0,0,0,0,right_elbow_pitch_link,1,0,0,18.6,2.62,-2.97,2.97,,,,,,,,
right_wrist_pitch_link,-0.175808951185582,0.205339250639058,-0.155202206542283,0,0,0,58.8813364939794,8.16144536194017,-0.000828385790163316,-0.0986028450202542,7.41172240692275,0.0135891333054915,1.38304303528306,0,0,0,0,0,0,package://atom/meshes/right_wrist_pitch_link.STL,1,1,1,1,0,0,0,0,0,0,package://atom/meshes/right_wrist_pitch_link.STL,,arm_right_0609-1/00000_j6_sw0001-1,right_wrist_pitch_link,right_wrist_pitch_axis <arm_right_0609-1>,right_wrist_pitch_joint,revolute,0.05345,0,0,0,0,0,right_elbow_roll_link,0,1,0,18.6,2.62,-1.57,1.57,,,,,,,,
right_wrist_yaw_link,0.0221787873304164,-0.000125086788035439,-0.00156507468889594,0,0,0,0.08179579028462,0.000107964749268563,1.18215418102375E-07,-2.56924109641446E-06,0.000125683510223012,1.39633266587598E-07,7.1243079541149E-05,0,0,0,0,0,0,package://atom/meshes/right_wrist_yaw_link.STL,1,1,1,1,0,0,0,0,0,0,package://atom/meshes/right_wrist_yaw_link.STL,,arm_right_0609-1/j7_sw0002-1,right_wrist_yaw_link,right_wrist_yaw_axis <arm_right_0609-1>,right_wrist_yaw_joint,revolute,0.085,0,0,0,0,0,right_wrist_pitch_link,0,0,1,18.6,2.62,-1.57,1.57,,,,,,,,
head_yaw_link,1.2757210507744E-08,-0.000744998516213711,0.038723590573156,0,0,0,0.201899378965912,0.000122957959498537,-5.2910203465862E-11,-6.67845372044925E-11,0.000106018175940843,3.42306982368556E-07,0.000109043900191127,0,0,0,0,0,0,package://atom/meshes/head_yaw_link.STL,1,1,1,1,0,0,0,0,0,0,package://atom/meshes/head_yaw_link.STL,,body_head_2-1/head-j2-1,head_yaw_link,head_yaw_axis,head_yaw_joint,revolute,0,0,0.4177,0,0,-0.016899,torso_link,0,0,1,12,6.28,-1.57,1.57,,,,,,,,
head_pitch_link,0.0545015795741803,-0.000646896430802979,0.0840891738127388,0,0,0,0.313031202653967,0.000451709782016691,-1.46036375064066E-07,9.1217478663046E-06,0.00034189910638468,4.54178691462481E-08,0.000343523102928017,0,0,0,0,0,0,package://atom/meshes/head_pitch_link.STL,1,1,1,1,0,0,0,0,0,0,package://atom/meshes/head_pitch_link.STL,,body_head_2-1/headend-urdf-20250607_sw0001-1,head_pitch_link,head_pitch_axis,head_pitch_joint,revolute,0,0,0.041,0,0,0,head_yaw_link,0,1,0,12,6.28,-1.57,0.6981,,,,,,,,
